case,layout,seq_index,start,end,target,candidate,max_abs,mean_abs,rmse,ref_rms,rmse_ratio
fixed_baseline,fixed,0,0,256,output_window,bf16_state,1.030715014559494e-05,7.01417044863188e-08,3.82478862967991e-07,0.004205613460079867,9.094484469353195e-05
fixed_baseline,fixed,0,0,256,output_window,fp32_state,6.880881281423612e-09,3.182445067293052e-10,5.46049621526328e-10,0.004205613460079867,1.2983828083809636e-07
fixed_baseline,fixed,0,256,512,output_window,bf16_state,1.1874598418705473e-05,7.175788005849174e-08,3.9526708751083476e-07,0.0044163563519827725,8.950072322252147e-05
fixed_baseline,fixed,0,256,512,output_window,fp32_state,1.0362225272286807e-08,3.1862411125808783e-10,5.518336219130712e-10,0.0044163563519827725,1.2495224070071234e-07
fixed_baseline,fixed,0,512,768,output_window,bf16_state,1.008658182242994e-05,7.416766398761882e-08,3.831482629473568e-07,0.004182840538505594,9.160001664425019e-05
fixed_baseline,fixed,0,512,768,output_window,fp32_state,8.504493463623586e-09,3.2341385574406564e-10,5.49882932342604e-10,0.004182840538505594,1.3146160540441282e-07
fixed_baseline,fixed,0,768,1024,output_window,bf16_state,1.1207429158078923e-05,5.6725092650383796e-08,3.061190898998988e-07,0.004592138736994868,6.666155084422069e-05
fixed_baseline,fixed,0,768,1024,output_window,fp32_state,7.0532078094709405e-09,3.2122293197465773e-10,5.673828063877069e-10,0.004592138736994868,1.2355524057163106e-07
fixed_baseline,fixed,0,1024,1280,output_window,bf16_state,1.1359479484435511e-05,6.511107180946404e-08,3.6130914605134234e-07,0.004076568814806184,8.863069960675259e-05
fixed_baseline,fixed,0,1024,1280,output_window,fp32_state,7.76605899033278e-09,3.078389975734181e-10,5.250091682591936e-10,0.004076568814806184,1.2878702460568045e-07
fixed_baseline,fixed,0,1280,1536,output_window,bf16_state,8.049297520049603e-06,5.457764572377748e-08,3.049862977891543e-07,0.004446018188883557,6.859762709736904e-05
fixed_baseline,fixed,0,1280,1536,output_window,fp32_state,9.574288376001938e-09,3.1002500457986266e-10,5.426492714062797e-10,0.004446018188883557,1.2205286806137533e-07
fixed_baseline,fixed,0,1536,1792,output_window,bf16_state,7.706500954182986e-06,6.85251078246689e-08,3.422544833423429e-07,0.004145343610854844,8.256359797198184e-05
fixed_baseline,fixed,0,1536,1792,output_window,fp32_state,8.906208326386889e-09,3.2131688935629227e-10,5.645078652434641e-10,0.004145343610854844,1.3617878714933658e-07
fixed_baseline,fixed,0,1792,2048,output_window,bf16_state,8.148728236431584e-06,5.693915612358429e-08,3.0478621472910293e-07,0.004520401011379949,6.742459661472831e-05
fixed_baseline,fixed,0,1792,2048,output_window,fp32_state,8.55096612961681e-09,3.2827363120945384e-10,5.739236337084106e-10,0.004520401011379949,1.2696299117347734e-07
fixed_baseline,fixed,0,2048,2304,output_window,bf16_state,1.2204399510072628e-05,5.149198607558311e-08,2.8216427699934396e-07,0.004301063418397257,6.560337515425181e-05
fixed_baseline,fixed,0,2048,2304,output_window,fp32_state,7.655087730373822e-09,3.190875634247521e-10,5.471493022076303e-10,0.004301063418397257,1.2721256326220815e-07
fixed_baseline,fixed,0,2304,2560,output_window,bf16_state,1.4145536880550563e-05,5.443272342611821e-08,3.439784743921238e-07,0.004453673814163602,7.723477038174669e-05
fixed_baseline,fixed,0,2304,2560,output_window,fp32_state,7.230411158687389e-09,3.189442238578008e-10,5.595332888300453e-10,0.004453673814163602,1.2563409719198876e-07
fixed_baseline,fixed,0,2560,2816,output_window,bf16_state,9.51461476562292e-06,7.249449959117971e-08,3.6995409548019037e-07,0.003847959331597913,9.61429328117567e-05
fixed_baseline,fixed,0,2560,2816,output_window,fp32_state,8.410927159613335e-09,2.9925621845495325e-10,5.187199465910631e-10,0.003847959331597913,1.3480390562642932e-07
fixed_baseline,fixed,0,2816,3072,output_window,bf16_state,1.034233945778739e-05,5.527067118915378e-08,2.940368156935899e-07,0.003956840546398045,7.431100956576448e-05
fixed_baseline,fixed,0,2816,3072,output_window,fp32_state,7.3549010493056954e-09,3.071039156223458e-10,5.260494216387981e-10,0.003956840546398045,1.32946833583594e-07
fixed_baseline,fixed,0,3072,3328,output_window,bf16_state,6.134080655763839e-06,4.6429439293666875e-08,2.421723600437319e-07,0.0047247272701273785,5.125636808179256e-05
fixed_baseline,fixed,0,3072,3328,output_window,fp32_state,1.0112670929818268e-08,3.339217632826114e-10,5.904216877448049e-10,0.0047247272701273785,1.2496418395995311e-07
fixed_baseline,fixed,0,3328,3584,output_window,bf16_state,1.0523679668977479e-05,6.097683990659342e-08,3.3408236867933297e-07,0.003938428612060189,8.482631058902823e-05
fixed_baseline,fixed,0,3328,3584,output_window,fp32_state,6.778865094259068e-09,3.1001230890412434e-10,5.308532328141256e-10,0.003938428612060189,1.3478808050209567e-07
fixed_baseline,fixed,0,3584,3840,output_window,bf16_state,1.4029687292957393e-05,5.5769336028679334e-08,3.283877095864156e-07,0.0045776310661079225,7.173747836905159e-05
fixed_baseline,fixed,0,3584,3840,output_window,fp32_state,8.771499623860812e-09,3.182267862915605e-10,5.67603316641728e-10,0.0045776310661079225,1.2399498964522847e-07
fixed_baseline,fixed,0,3840,4096,output_window,bf16_state,1.7842578118590878e-05,8.157441694574449e-08,4.689790887355259e-07,0.004482479984018466,0.00010462491531643032
fixed_baseline,fixed,0,3840,4096,output_window,fp32_state,1.2208396751867134e-08,3.1748448807901155e-10,5.616638370032365e-10,0.004482479984018466,1.2530202901201013e-07
fixed_baseline,fixed,0,4096,4352,output_window,bf16_state,1.0911516979706607e-05,6.066558041467126e-08,3.5673978288210197e-07,0.004386006150846713,8.133590574496431e-05
fixed_baseline,fixed,0,4096,4352,output_window,fp32_state,8.720732955214139e-09,3.0804240279966826e-10,5.351044758986745e-10,0.004386006150846713,1.2200267338780937e-07
fixed_baseline,fixed,0,4352,4608,output_window,bf16_state,1.305848646305412e-05,5.99732750346225e-08,3.588364795737783e-07,0.004855141846531251,7.390854704485071e-05
fixed_baseline,fixed,0,4352,4608,output_window,fp32_state,9.071519757597457e-09,3.3405810843059704e-10,5.900592226013851e-10,0.004855141846531251,1.215328493487687e-07
fixed_baseline,fixed,0,4608,4864,output_window,bf16_state,1.4294934677994923e-05,7.333851433329683e-08,4.0892731953085086e-07,0.004264073779665144,9.590062007861499e-05
fixed_baseline,fixed,0,4608,4864,output_window,fp32_state,8.44013491041462e-09,3.168180052541655e-10,5.500292341196702e-10,0.004264073779665144,1.2899149089368328e-07
fixed_baseline,fixed,0,4864,5120,output_window,bf16_state,8.76271217975554e-06,5.749773642607396e-08,3.271842192478578e-07,0.004247205683051763,7.703517174914982e-05
fixed_baseline,fixed,0,4864,5120,output_window,fp32_state,7.768725114598585e-09,3.2708956815266995e-10,5.546288021102325e-10,0.004247205683051763,1.3058675362096253e-07
fixed_baseline,fixed,0,5120,5376,output_window,bf16_state,1.1451811134027563e-05,6.49567939541461e-08,3.6246351358490136e-07,0.004547029994965198,7.971434408531443e-05
fixed_baseline,fixed,0,5120,5376,output_window,fp32_state,9.301809898720759e-09,3.099878782984405e-10,5.34721283040839e-10,0.004547029994965198,1.1759792295914502e-07
fixed_baseline,fixed,0,5376,5632,output_window,bf16_state,1.0265997643540666e-05,6.250783074077773e-08,3.226129532446415e-07,0.0042055386506048694,7.671144651072011e-05
fixed_baseline,fixed,0,5376,5632,output_window,fp32_state,8.582097629772356e-09,3.1734959058379314e-10,5.487981896560299e-10,0.0042055386506048694,1.3049414956086492e-07
fixed_baseline,fixed,0,5632,5888,output_window,bf16_state,1.3936744525111684e-05,6.178534414603057e-08,3.5292162554704647e-07,0.0041477014724238,8.508848283644893e-05
fixed_baseline,fixed,0,5632,5888,output_window,fp32_state,7.96714130779641e-09,3.090347569758079e-10,5.321582046618769e-10,0.0041477014724238,1.283019542751467e-07
fixed_baseline,fixed,0,5888,6144,output_window,bf16_state,9.383215785571664e-06,6.036396132862307e-08,3.190058510795876e-07,0.004419224116681694,7.218594093823027e-05
fixed_baseline,fixed,0,5888,6144,output_window,fp32_state,8.716673993713897e-09,3.2110469700414715e-10,5.587290340869661e-10,0.004419224116681694,1.2643147741203596e-07
fixed_baseline,fixed,0,6144,6400,output_window,bf16_state,7.742516867401995e-06,5.3627069212931927e-08,2.7958770167769423e-07,0.004128104220919474,6.772786894789691e-05
fixed_baseline,fixed,0,6144,6400,output_window,fp32_state,1.0011302876977712e-08,3.101283355517705e-10,5.411813928569649e-10,0.004128104220919474,1.310968337752928e-07
fixed_baseline,fixed,0,6400,6656,output_window,bf16_state,1.0998875239125877e-05,6.566245042204964e-08,3.4829783893376595e-07,0.00417333430016779,8.34579292916368e-05
fixed_baseline,fixed,0,6400,6656,output_window,fp32_state,8.014847074216958e-09,3.002485468813972e-10,5.208113059599267e-10,0.00417333430016779,1.247950124529893e-07
fixed_baseline,fixed,0,6656,6912,output_window,bf16_state,9.991661489338992e-06,5.880822938939259e-08,3.4018676401609256e-07,0.004012677380701452,8.477800025792875e-05
fixed_baseline,fixed,0,6656,6912,output_window,fp32_state,8.041876610812015e-09,2.9328049279245955e-10,5.081261039915785e-10,0.004012677380701452,1.2663019121232056e-07
fixed_baseline,fixed,0,6912,7168,output_window,bf16_state,1.1287453701973142e-05,5.758991684701559e-08,3.170838122127802e-07,0.004186372639164434,7.574189866577849e-05
fixed_baseline,fixed,0,6912,7168,output_window,fp32_state,7.346054146928349e-09,3.1301658447436013e-10,5.458496606194597e-10,0.004186372639164434,1.3038726068313089e-07
fixed_baseline,fixed,0,7168,7424,output_window,bf16_state,9.772273475002532e-06,6.358689355750283e-08,3.2665513785450825e-07,0.004459096028381207,7.325591011617985e-05
fixed_baseline,fixed,0,7168,7424,output_window,fp32_state,8.89994339337008e-09,3.110423203486371e-10,5.509918873593795e-10,0.004459096028381207,1.2356582676229266e-07
fixed_baseline,fixed,0,7424,7680,output_window,bf16_state,1.193872668725851e-05,6.910278266660231e-08,3.9233768006000893e-07,0.004365943763833221,8.986320055472803e-05
fixed_baseline,fixed,0,7424,7680,output_window,fp32_state,9.80405506778581e-09,3.3303981132863565e-10,5.873683193501743e-10,0.004365943763833221,1.345341010151893e-07
fixed_baseline,fixed,0,7680,7936,output_window,bf16_state,1.0579684255621058e-05,6.006522459862655e-08,3.1582345805522245e-07,0.004146343933890839,7.616914155957646e-05
fixed_baseline,fixed,0,7680,7936,output_window,fp32_state,7.785569588331098e-09,3.195614251513411e-10,5.4581714056552e-10,0.004146343933890839,1.3163817311540217e-07
fixed_baseline,fixed,0,7936,8192,output_window,bf16_state,1.264486651759468e-05,6.9482605457621e-08,3.7440788523481943e-07,0.004301791161030634,8.703534672406501e-05
fixed_baseline,fixed,0,7936,8192,output_window,fp32_state,7.607804157483411e-09,3.171471206652183e-10,5.525907183905297e-10,0.004301791161030634,1.2845596118109523e-07
fixed_positive,fixed,0,0,256,output_window,bf16_state,3.3731459551794574e-06,2.997212719858331e-08,1.475064592086396e-07,0.022636985184184145,6.516170682997946e-06
fixed_positive,fixed,0,0,256,output_window,fp32_state,1.7601923751886517e-08,1.35457969916102e-09,2.0430026465185144e-09,0.022636985184184145,9.025065086608377e-08
fixed_positive,fixed,0,256,512,output_window,bf16_state,5.482446796264279e-06,3.431748746693256e-08,1.7581319387919415e-07,0.021722494393937367,8.093600610078311e-06
fixed_positive,fixed,0,256,512,output_window,fp32_state,1.301468811193418e-08,1.2970783659778192e-09,1.9707080098654042e-09,0.021722494393937367,9.072199417463854e-08
fixed_positive,fixed,0,512,768,output_window,bf16_state,4.06917614763358e-06,3.24750358120489e-08,1.6039660178232602e-07,0.02299548052381962,6.975135901864758e-06
fixed_positive,fixed,0,512,768,output_window,fp32_state,1.3834610346208365e-08,1.3686222524496045e-09,2.0779500206699546e-09,0.02299548052381962,9.036340938896809e-08
fixed_positive,fixed,0,768,1024,output_window,bf16_state,4.039156750818007e-06,3.2954567037055836e-08,1.6218024484079296e-07,0.021336460934218277,7.601084610086246e-06
fixed_positive,fixed,0,768,1024,output_window,fp32_state,1.4134291174972002e-08,1.2541849676442284e-09,1.912054037903369e-09,0.021336460934218277,8.961439499260718e-08
fixed_positive,fixed,0,1024,1280,output_window,bf16_state,3.087983098455649e-06,3.2251494442191877e-08,1.4867289647943782e-07,0.022436133627259068,6.626493626281748e-06
fixed_positive,fixed,0,1024,1280,output_window,fp32_state,1.6704331674832762e-08,1.355568548687322e-09,2.03817444024772e-09,0.022436133627259068,9.084339013614244e-08
fixed_positive,fixed,0,1280,1536,output_window,bf16_state,4.835866674709338e-06,3.366272230291402e-08,1.7444203706384362e-07,0.021716900742037595,8.03254751384366e-06
fixed_positive,fixed,0,1280,1536,output_window,fp32_state,1.453225090264354e-08,1.2868320053687651e-09,1.9545071190427387e-09,0.021716900742037595,8.999935774718453e-08
fixed_positive,fixed,0,1536,1792,output_window,bf16_state,2.9635232195335953e-06,2.9181154665191e-08,1.4104006633890185e-07,0.021823714171713648,6.462697652158036e-06
fixed_positive,fixed,0,1536,1792,output_window,fp32_state,1.8196619808175107e-08,1.2851619817336633e-09,1.961617017144524e-09,0.021823714171713648,8.988465490842219e-08
fixed_positive,fixed,0,1792,2048,output_window,bf16_state,4.455446655355494e-06,4.019071339141953e-08,2.0221066932653038e-07,0.022495258189272564,8.989035272462873e-06
fixed_positive,fixed,0,1792,2048,output_window,fp32_state,1.6768105279285628e-08,1.3597758280893074e-09,2.0604815624662574e-09,0.022495258189272564,9.159626198239638e-08
fixed_long_memory,fixed,0,0,256,output_window,bf16_state,0.0010339271008279471,0.00013850956500502187,0.00018921061920227595,0.06221868277763107,0.0030410579387948914
fixed_long_memory,fixed,0,0,256,output_window,fp32_state,6.109294818923416e-07,6.960030343217753e-08,9.88552359440543e-08,0.06221868277763107,1.5888352425807839e-06
fixed_long_memory,fixed,0,256,512,output_window,bf16_state,0.001567764216462847,0.00022081636950786602,0.0002782723870611311,0.07368150246806318,0.0037766926262360985
fixed_long_memory,fixed,0,256,512,output_window,fp32_state,8.003166311887355e-07,1.4585083230530276e-07,1.8365888759383514e-07,0.07368150246806318,2.4926050832560182e-06
fixed_long_memory,fixed,0,512,768,output_window,bf16_state,0.0012720298785609992,0.00023027767612608874,0.0002893479470989523,0.07418210593785982,0.0039005086663531853
fixed_long_memory,fixed,0,512,768,output_window,fp32_state,8.87799574467163e-07,1.6137336542071465e-07,2.0268741480461638e-07,0.07418210593785982,2.732295238078058e-06
fixed_long_memory,fixed,0,768,1024,output_window,bf16_state,0.00132204831009506,0.000232556130398817,0.0002921647100664254,0.07460588748570295,0.003916107962959548
fixed_long_memory,fixed,0,768,1024,output_window,fp32_state,8.748525653634598e-07,1.6294949884825494e-07,2.0463404911058446e-07,0.07460588748570295,2.742867299176615e-06
fixed_long_memory,fixed,0,1024,1280,output_window,bf16_state,0.0012395694242475497,0.00023173859091734083,0.0002911259909950154,0.07469859359820953,0.0038973423323192726
fixed_long_memory,fixed,0,1024,1280,output_window,fp32_state,9.618893029306186e-07,1.642738500802954e-07,2.060426913521805e-07,0.07469859359820953,2.7583208923644206e-06
fixed_long_memory,fixed,0,1280,1536,output_window,bf16_state,0.0011422167522273374,0.00022699429310283226,0.00028561229193278256,0.07441962278905057,0.0038378626661731076
fixed_long_memory,fixed,0,1280,1536,output_window,fp32_state,9.333179987747187e-07,1.6296339840826143e-07,2.0460684651525146e-07,0.07441962278905057,2.7493668853338436e-06
fixed_long_memory,fixed,0,1536,1792,output_window,bf16_state,0.0012802286621447362,0.00022606919846266763,0.0002845553904745708,0.07347902687530797,0.0038726069543279884
fixed_long_memory,fixed,0,1536,1792,output_window,fp32_state,8.1308269805902e-07,1.616718536801127e-07,2.0286838867003506e-07,0.07347902687530797,2.7609019511689713e-06
fixed_long_memory,fixed,0,1792,2048,output_window,bf16_state,0.0012334567519988217,0.00023010407153556433,0.00028964769210089957,0.0743596723517121,0.0038952255024861005
fixed_long_memory,fixed,0,1792,2048,output_window,fp32_state,9.667405887758829e-07,1.6337039121716424e-07,2.050347008047272e-07,0.0743596723517121,2.757337335147717e-06
fixed_long_memory,fixed,0,2048,2304,output_window,bf16_state,0.0012590643663411422,0.00022992865993463684,0.00028877062775562075,0.07496201144078732,0.003852226243738422
fixed_long_memory,fixed,0,2048,2304,output_window,fp32_state,8.931856113059133e-07,1.666696511094939e-07,2.0912652751234074e-07,0.07496201144078732,2.7897667564260907e-06
fixed_long_memory,fixed,0,2304,2560,output_window,bf16_state,0.0012446658203248695,0.00022800227397599748,0.00028693322707922057,0.07375738347964937,0.003890230557844954
fixed_long_memory,fixed,0,2304,2560,output_window,fp32_state,1.021306771847863e-06,1.6354710088663933e-07,2.0597552578513267e-07,0.07375738347964937,2.7926089032423988e-06
fixed_long_memory,fixed,0,2560,2816,output_window,bf16_state,0.001279946140102739,0.00022828335157411956,0.0002866297340605904,0.07328405692533477,0.003911215427833399
fixed_long_memory,fixed,0,2560,2816,output_window,fp32_state,9.417393613542213e-07,1.6448182240083425e-07,2.0660425838728466e-07,0.07328405692533477,2.8192251774186407e-06
fixed_long_memory,fixed,0,2816,3072,output_window,bf16_state,0.0012328428074471418,0.0002290358295591218,0.00028823537468156824,0.0731861063070734,0.0039383892548155745
fixed_long_memory,fixed,0,2816,3072,output_window,fp32_state,8.345881069571348e-07,1.6253879520482236e-07,2.037359998673615e-07,0.0731861063070734,2.783807065954956e-06
fixed_long_memory,fixed,0,3072,3328,output_window,bf16_state,0.0012335862090670016,0.00022997292412479676,0.0002889497741886374,0.07339654268958697,0.003936830858786919
fixed_long_memory,fixed,0,3072,3328,output_window,fp32_state,8.449692515677398e-07,1.6179502722086365e-07,2.026301875763265e-07,0.07339654268958697,2.760759296705598e-06
fixed_long_memory,fixed,0,3328,3584,output_window,bf16_state,0.0012403341595189632,0.00022608412231296026,0.00028567073941007773,0.07395677931449447,0.003862671442130936
fixed_long_memory,fixed,0,3328,3584,output_window,fp32_state,9.176528666943184e-07,1.6159637597623877e-07,2.027277213028713e-07,0.07395677931449447,2.7411648152063263e-06
fixed_long_memory,fixed,0,3584,3840,output_window,bf16_state,0.001309352007262371,0.00022886626209500348,0.00028689441261169237,0.07372949792368484,0.0038911754547501197
fixed_long_memory,fixed,0,3584,3840,output_window,fp32_state,8.799569589101885e-07,1.6263327979825995e-07,2.039591594322794e-07,0.07372949792368484,2.76631694472396e-06
fixed_long_memory,fixed,0,3840,4096,output_window,bf16_state,0.0012511558407243134,0.00022647369419900168,0.00028556667343968765,0.07365304417286807,0.003877187652548966
fixed_long_memory,fixed,0,3840,4096,output_window,fp32_state,8.944473402217046e-07,1.6138348926851589e-07,2.0259026167595194e-07,0.07365304417286807,2.750602693358615e-06
fixed_long_memory,fixed,0,4096,4352,output_window,bf16_state,0.0013623413448418317,0.00022758945341702446,0.00028606272087599454,0.073683398963003,0.003882322543503033
fixed_long_memory,fixed,0,4096,4352,output_window,fp32_state,8.076277730473258e-07,1.6213581296342358e-07,2.0323346602826403e-07,0.073683398963003,2.758198846531349e-06
fixed_long_memory,fixed,0,4352,4608,output_window,bf16_state,0.0013261629722237447,0.00022883444587342355,0.0002884640935141324,0.07343483115041143,0.0039281644554106975
fixed_long_memory,fixed,0,4352,4608,output_window,fp32_state,9.638002935741241e-07,1.6133323610734387e-07,2.0265731757265907e-07,0.07343483115041143,2.759689297270532e-06
fixed_long_memory,fixed,0,4608,4864,output_window,bf16_state,0.001232024339064365,0.00022968266284585924,0.00028855693296342167,0.07427033094591748,0.003885224817074592
fixed_long_memory,fixed,0,4608,4864,output_window,fp32_state,9.413865260654575e-07,1.6468131344114552e-07,2.064250390139207e-07,0.07427033094591748,2.779374164418848e-06
fixed_long_memory,fixed,0,4864,5120,output_window,bf16_state,0.0012214435120924683,0.00023349241359842671,0.0002934355440429837,0.07429190945807297,0.003949764465383483
fixed_long_memory,fixed,0,4864,5120,output_window,fp32_state,8.236405153183579e-07,1.632609459959818e-07,2.0463278770652942e-07,0.07429190945807297,2.754442431204639e-06
fixed_long_memory,fixed,0,5120,5376,output_window,bf16_state,0.001369177772035976,0.00023128645761925432,0.0002906882624812372,0.07446437098429068,0.0039037227957322306
fixed_long_memory,fixed,0,5120,5376,output_window,fp32_state,8.804216216073968e-07,1.6410461676386782e-07,2.0598274718629604e-07,0.07446437098429068,2.7661919984491785e-06
fixed_long_memory,fixed,0,5376,5632,output_window,bf16_state,0.001157487552382222,0.00022612557926509106,0.000284181076155212,0.07365192786181984,0.0038584336405745
fixed_long_memory,fixed,0,5376,5632,output_window,fp32_state,9.470367799413459e-07,1.630293773190037e-07,2.0514014844283346e-07,0.07365192786181984,2.785265157318106e-06
fixed_long_memory,fixed,0,5632,5888,output_window,bf16_state,0.001155132523459966,0.00022934414341741028,0.00028842448254277355,0.0737483829439644,0.003910926192943439
fixed_long_memory,fixed,0,5632,5888,output_window,fp32_state,1.0867232719258269e-06,1.5953718243673054e-07,2.0047503412075174e-07,0.0737483829439644,2.718365150773231e-06
fixed_long_memory,fixed,0,5888,6144,output_window,bf16_state,0.00138308865361772,0.00022744726346262507,0.00028576317325648633,0.07412923416933442,0.003854932220177988
fixed_long_memory,fixed,0,5888,6144,output_window,fp32_state,9.089775750426021e-07,1.5993446604293507e-07,2.0087804696518059e-07,0.07412923416933442,2.709835724274611e-06
fixed_long_memory,fixed,0,6144,6400,output_window,bf16_state,0.0014663449129175,0.00023081063251136118,0.00029094196633212886,0.07456608784960714,0.0039018000638431204
fixed_long_memory,fixed,0,6144,6400,output_window,fp32_state,8.968255499897104e-07,1.6307274472733173e-07,2.043140443460687e-07,0.07456608784960714,2.740039745120478e-06
fixed_long_memory,fixed,0,6400,6656,output_window,bf16_state,0.0012106772717745858,0.00023268290933757267,0.00029277318864234607,0.07410249212390663,0.003950922300329666
fixed_long_memory,fixed,0,6400,6656,output_window,fp32_state,9.120824480124412e-07,1.6375535981776286e-07,2.0585573405093794e-07,0.07410249212390663,2.777986652685405e-06
fixed_long_memory,fixed,0,6656,6912,output_window,bf16_state,0.0014127537312982608,0.00022946421571038727,0.0002890439552728065,0.07388580955612646,0.0039120361136902445
fixed_long_memory,fixed,0,6656,6912,output_window,fp32_state,8.040271824993894e-07,1.6327039383388424e-07,2.0447271552730173e-07,0.07388580955612646,2.767415241921069e-06
fixed_long_memory,fixed,0,6912,7168,output_window,bf16_state,0.0012338513940281792,0.0002258324731219691,0.00028397735232857016,0.07370630060864074,0.003852823299820842
fixed_long_memory,fixed,0,6912,7168,output_window,fp32_state,8.625655494309825e-07,1.6219659111034037e-07,2.037373719861879e-07,0.07370630060864074,2.764178507180475e-06
fixed_long_memory,fixed,0,7168,7424,output_window,bf16_state,0.0013138235874955162,0.00022915136220173155,0.00028854790269826125,0.07392208322985817,0.003903405993051244
fixed_long_memory,fixed,0,7168,7424,output_window,fp32_state,9.009166460627327e-07,1.6580241528779958e-07,2.0825458803358223e-07,0.07392208322985817,2.817217520588831e-06
fixed_long_memory,fixed,0,7424,7680,output_window,bf16_state,0.0014006696457211018,0.00022654073534440986,0.0002845990497721539,0.0736424047957855,0.0038646083131228938
fixed_long_memory,fixed,0,7424,7680,output_window,fp32_state,8.17357468985147e-07,1.607250688454954e-07,2.0148900935458744e-07,0.0736424047957855,2.7360460309970552e-06
fixed_long_memory,fixed,0,7680,7936,output_window,bf16_state,0.0014384152679604995,0.00023193201127907857,0.00029144374500883995,0.07373350160070916,0.0039526638323390964
fixed_long_memory,fixed,0,7680,7936,output_window,fp32_state,8.929372707078276e-07,1.6255114315386377e-07,2.0395826564215798e-07,0.07373350160070916,2.766154613769168e-06
fixed_long_memory,fixed,0,7936,8192,output_window,bf16_state,0.001549238228556904,0.00023080301396010132,0.0002899331557901287,0.07401210007564242,0.003917375071019589
fixed_long_memory,fixed,0,7936,8192,output_window,fp32_state,9.225792865219518e-07,1.6182014701222298e-07,2.0335657998178032e-07,0.07401210007564242,2.7476126170442974e-06
fixed_strong_decay,fixed,0,0,256,output_window,bf16_state,6.026843930311172e-07,3.901423070192738e-09,2.1753003728794573e-08,0.007167689984460628,3.0348695013253277e-06
fixed_strong_decay,fixed,0,0,256,output_window,fp32_state,1.259374102224875e-08,5.746309149798911e-10,9.580813077772717e-10,0.007167689984460628,1.336666778075458e-07
fixed_strong_decay,fixed,0,256,512,output_window,bf16_state,5.309068122263255e-07,3.912536288405902e-09,2.128197120327439e-08,0.007489116638932378,2.8417198221535874e-06
fixed_strong_decay,fixed,0,256,512,output_window,fp32_state,1.3838947203470564e-08,6.04593014393452e-10,1.0027818888508355e-09,0.007489116638932378,1.3389855402142442e-07
fixed_strong_decay,fixed,0,512,768,output_window,bf16_state,5.359200134853921e-07,3.887066329107833e-09,2.0676452835372216e-08,0.007501358354445367,2.756361162657851e-06
fixed_strong_decay,fixed,0,512,768,output_window,fp32_state,1.3615762579910484e-08,5.944085566626275e-10,9.836869526615093e-10,0.007501358354445367,1.3113451006890882e-07
fixed_strong_decay,fixed,0,768,1024,output_window,bf16_state,6.010276830531458e-07,3.977245864519989e-09,2.09247125320341e-08,0.007315403474346486,2.860363424302224e-06
fixed_strong_decay,fixed,0,768,1024,output_window,fp32_state,1.1792580398295449e-08,5.805625297582291e-10,9.648683072428012e-10,0.007315403474346486,1.31895432784587e-07
fixed_strong_decay,fixed,0,1024,1280,output_window,bf16_state,6.268449936550069e-07,3.967009723731006e-09,2.1451382369210744e-08,0.007718522410246726,2.7792084066158774e-06
fixed_strong_decay,fixed,0,1024,1280,output_window,fp32_state,1.2570863419658629e-08,5.982541543184272e-10,1.0009530030852049e-09,0.007718522410246726,1.2968194556983985e-07
fixed_strong_decay,fixed,0,1280,1536,output_window,bf16_state,5.878661945308422e-07,4.228948594037123e-09,2.3037270606644044e-08,0.007138312279900005,3.227271335762682e-06
fixed_strong_decay,fixed,0,1280,1536,output_window,fp32_state,1.1895963034080914e-08,5.715728581768021e-10,9.443751258890757e-10,0.007138312279900005,1.3229669547355594e-07
fixed_strong_decay,fixed,0,1536,1792,output_window,bf16_state,6.964653792139062e-07,3.978794801111754e-09,2.0967756980161408e-08,0.007443678789521978,2.816854081570052e-06
fixed_strong_decay,fixed,0,1536,1792,output_window,fp32_state,1.1932427233796172e-08,5.850908503984873e-10,9.76433148883432e-10,0.007443678789521978,1.3117615314861498e-07
fixed_strong_decay,fixed,0,1792,2048,output_window,bf16_state,6.542728001861925e-07,4.13057975741512e-09,2.2156669260154372e-08,0.007974625824809024,2.7783960961810996e-06
fixed_strong_decay,fixed,0,1792,2048,output_window,fp32_state,1.376163794031271e-08,5.963728584095576e-10,9.974984012915613e-10,0.007974625824809024,1.2508403819880156e-07
fixed_low_update,fixed,0,0,256,output_window,bf16_state,6.539513288308348e-09,4.206588052185384e-11,2.1434862050766612e-10,0.00022470379003416974,9.539163557280056e-07
fixed_low_update,fixed,0,0,256,output_window,fp32_state,1.3938900866872217e-09,1.5877484872550506e-12,2.4072582966791318e-11,0.00022470379003416974,1.0713029345491103e-07
fixed_low_update,fixed,0,256,512,output_window,bf16_state,6.714911177245309e-09,4.2452219797301835e-11,2.2204717673177174e-10,2.6365128106218816e-06,8.422002572382603e-05
fixed_low_update,fixed,0,256,512,output_window,fp32_state,5.3085830443143096e-12,2.1351363760505173e-13,3.4929440782798776e-13,2.6365128106218816e-06,1.3248348592154145e-07
fixed_low_update,fixed,0,512,768,output_window,bf16_state,5.851522089118379e-09,4.4445547145523423e-11,2.379268704155014e-10,2.650610252595298e-06,8.976305369019814e-05
fixed_low_update,fixed,0,512,768,output_window,fp32_state,4.990186913591665e-12,2.1502852996531334e-13,3.456438765886367e-13,2.650610252595298e-06,1.3040162213596119e-07
fixed_low_update,fixed,0,768,1024,output_window,bf16_state,6.036198143478956e-09,4.03326324752064e-11,2.1090208361078146e-10,2.6254966547498245e-06,8.032845261076048e-05
fixed_low_update,fixed,0,768,1024,output_window,fp32_state,4.4072739300302435e-12,2.1389576961594138e-13,3.527248962197948e-13,2.6254966547498245e-06,1.3434597053539375e-07
fixed_low_update,fixed,0,1024,1280,output_window,bf16_state,5.645262381177392e-09,4.339518941781506e-11,2.3132476536832289e-10,2.6320350504452054e-06,8.788817813394795e-05
fixed_low_update,fixed,0,1024,1280,output_window,fp32_state,4.0758039762098025e-12,2.1276342993731034e-13,3.458023936672145e-13,2.6320350504452054e-06,1.3138213855044312e-07
fixed_low_update,fixed,0,1280,1536,output_window,bf16_state,5.368325290130979e-09,4.282340423763039e-11,2.193926782222229e-10,2.859802416499584e-06,7.671602658856444e-05
fixed_low_update,fixed,0,1280,1536,output_window,fp32_state,5.4964437101940374e-12,2.203124335476457e-13,3.567469829340207e-13,2.859802416499584e-06,1.2474532536785575e-07
fixed_low_update,fixed,0,1536,1792,output_window,bf16_state,5.993140215013091e-09,4.235076835581996e-11,2.1647816134082447e-10,2.8437909745583504e-06,7.612309177345364e-05
fixed_low_update,fixed,0,1536,1792,output_window,fp32_state,5.386380247333748e-12,2.176177462844087e-13,3.5241069157378364e-13,2.8437909745583504e-06,1.2392285323590427e-07
fixed_low_update,fixed,0,1792,2048,output_window,bf16_state,4.673079886846249e-09,4.078524320200319e-11,2.0676582973857408e-10,2.5520840322643164e-06,8.101842538277344e-05
fixed_low_update,fixed,0,1792,2048,output_window,fp32_state,3.872812475343168e-12,2.0615884318879435e-13,3.288614104863069e-13,2.5520840322643164e-06,1.2885994596131195e-07
fixed_large_value,fixed,0,0,256,output_window,bf16_state,0.007262438029203067,0.0010696929794214547,0.0014727312223756317,0.4888172944209265,0.0030128459839382136
fixed_large_value,fixed,0,0,256,output_window,fp32_state,4.858804071528056e-06,5.228927665862653e-07,7.546478700455984e-07,0.4888172944209265,1.5438239985751444e-06
fixed_large_value,fixed,0,256,512,output_window,bf16_state,0.010269392267953092,0.0017554652800507132,0.0021987330011906583,0.5843050649505765,0.003762988091463212
fixed_large_value,fixed,0,256,512,output_window,fp32_state,6.2460703510458515e-06,1.1452268343690357e-06,1.444055058644911e-06,0.5843050649505765,2.4714060261775354e-06
fixed_large_value,fixed,0,512,768,output_window,bf16_state,0.0111546790115582,0.0018294348207283555,0.0023017322264355013,0.5848362460411412,0.003935686684976058
fixed_large_value,fixed,0,512,768,output_window,fp32_state,7.752421419482403e-06,1.291810214277945e-06,1.6220992785153012e-06,0.5848362460411412,2.7735956680106184e-06
fixed_large_value,fixed,0,768,1024,output_window,bf16_state,0.009804447563736995,0.0018241579455641524,0.002289148403708305,0.5888732109026775,0.003887336630918044
fixed_large_value,fixed,0,768,1024,output_window,fp32_state,7.628290348726807e-06,1.3095038022043966e-06,1.644215191006692e-06,0.5888732109026775,2.7921378669718935e-06
fixed_large_value,fixed,0,1024,1280,output_window,bf16_state,0.009804095302572091,0.0018431919944440136,0.0023138328154551813,0.5893461310359631,0.003926101646561902
fixed_large_value,fixed,0,1024,1280,output_window,fp32_state,7.00780655937816e-06,1.2880740235442389e-06,1.6210916107833042e-06,0.5893461310359631,2.7506613268737686e-06
fixed_large_value,fixed,0,1280,1536,output_window,bf16_state,0.009828899861353935,0.0018317239183898587,0.002303853761213338,0.5917024392104854,0.0038936019332409606
fixed_large_value,fixed,0,1280,1536,output_window,fp32_state,7.273975336286043e-06,1.287028142947507e-06,1.614002320693436e-06,0.5917024392104854,2.727726326169985e-06
fixed_large_value,fixed,0,1536,1792,output_window,bf16_state,0.010393499821172547,0.001830978660642644,0.0023002009468125854,0.5939964238752581,0.0038724154798878687
fixed_large_value,fixed,0,1536,1792,output_window,fp32_state,7.058699517337175e-06,1.2976224085975771e-06,1.6304161314924068e-06,0.5939964238752581,2.7448248271521605e-06
fixed_large_value,fixed,0,1792,2048,output_window,bf16_state,0.010571874480156729,0.001829267972485048,0.0023039899173617844,0.5971246536326981,0.00385847394399999
fixed_large_value,fixed,0,1792,2048,output_window,fp32_state,6.595919980867393e-06,1.330036435650749e-06,1.6719737531659704e-06,0.5971246536326981,2.8000414034059145e-06
varlen_mixed,varlen,0,0,17,output_window,bf16_state,6.384865193624981e-06,7.73892977878772e-08,4.3528827034492383e-07,0.005372037298098327,8.102852720308059e-05
varlen_mixed,varlen,0,0,17,output_window,fp32_state,5.789845602954813e-09,3.807335216760801e-10,6.669675933084586e-10,0.005372037298098327,1.2415542862008083e-07
varlen_mixed,varlen,1,0,65,output_window,bf16_state,6.40075204352326e-06,4.28966310339446e-08,2.5538742647963356e-07,0.004955434523719193,5.153683804260179e-05
varlen_mixed,varlen,1,0,65,output_window,fp32_state,7.089742369570384e-09,3.3974117298655287e-10,5.975314134821834e-10,0.004955434523719193,1.2058103292901938e-07
varlen_mixed,varlen,2,0,256,output_window,bf16_state,1.0879653525537928e-05,6.557581737882788e-08,3.7118061494727784e-07,0.004098356505529596,9.056816176105532e-05
varlen_mixed,varlen,2,0,256,output_window,fp32_state,8.201010294472955e-09,3.2132779423900445e-10,5.553259535678e-10,0.004098356505529596,1.354996698843894e-07
varlen_mixed,varlen,2,256,257,output_window,bf16_state,3.092088874796957e-06,4.503043815648045e-07,7.283009074550987e-07,0.0024341151251191266,0.0002992056127252631
varlen_mixed,varlen,2,256,257,output_window,fp32_state,1.2719715940245901e-09,2.3708030104689453e-10,3.5308893135009065e-10,0.0024341151251191266,1.4505843528366815e-07
varlen_mixed,varlen,3,0,256,output_window,bf16_state,1.0620891468283121e-05,5.8859298694982434e-08,3.293284648406421e-07,0.00415660109136537,7.923023104737325e-05
varlen_mixed,varlen,3,0,256,output_window,fp32_state,7.619945178310994e-09,3.211515914276205e-10,5.361881868791507e-10,0.00415660109136537,1.289967873012857e-07
varlen_mixed,varlen,3,256,512,output_window,bf16_state,9.278639078240565e-06,6.628244456352727e-08,3.382595352117564e-07,0.0046470791010371415,7.278970894561773e-05
varlen_mixed,varlen,3,256,512,output_window,fp32_state,9.627199402256759e-09,3.2954957694986404e-10,5.805642473833047e-10,0.0046470791010371415,1.2493100176705268e-07
varlen_mixed,varlen,3,512,768,output_window,bf16_state,1.202059998552411e-05,5.752403370126341e-08,3.252667372436592e-07,0.004221471802270285,7.705055309589714e-05
varlen_mixed,varlen,3,512,768,output_window,fp32_state,7.1439266238759735e-09,3.131475784838752e-10,5.376816200230949e-10,0.004221471802270285,1.2736828414533826e-07
varlen_mixed,varlen,3,768,1023,output_window,bf16_state,1.2872932790740192e-05,6.62176980220748e-08,3.721677086418079e-07,0.004223793515457374,8.811219281430894e-05
varlen_mixed,varlen,3,768,1023,output_window,fp32_state,7.940421990065838e-09,3.1147931198082974e-10,5.38639058204424e-10,0.004223793515457374,1.2752495031616085e-07
varlen_stress,varlen,0,0,31,output_window,bf16_state,2.12301065585091e-05,1.35653878068716e-07,1.0246452977040834e-06,0.04189844948116118,2.445544669057014e-05
varlen_stress,varlen,0,0,31,output_window,fp32_state,2.4332516834757456e-08,2.9932419302397955e-09,4.210268282345539e-09,0.04189844948116118,1.0048744844934189e-07
varlen_stress,varlen,1,0,128,output_window,bf16_state,1.6342893082582632e-07,5.829981363542455e-09,1.3574127541893956e-08,0.042117117436661536,3.222947905280463e-07
varlen_stress,varlen,1,0,128,output_window,fp32_state,3.232526971097549e-08,2.9729567464707163e-09,4.157321256847907e-09,0.042117117436661536,9.870858952063748e-08
varlen_stress,varlen,2,0,256,output_window,bf16_state,2.2544700603588375e-07,6.02341502483007e-09,1.4003157877381964e-08,0.04235921041443085,3.305811827080562e-07
varlen_stress,varlen,2,0,256,output_window,fp32_state,2.7446037734191187e-08,2.9738867458565325e-09,4.152343714658696e-09,0.04235921041443085,9.802693851073494e-08
varlen_stress,varlen,2,256,511,output_window,bf16_state,2.1035671084364271e-07,6.173535275468281e-09,1.419193056923204e-08,0.04215858008115855,3.36632081581293e-07
varlen_stress,varlen,2,256,511,output_window,fp32_state,2.911814231398857e-08,2.9527035494877935e-09,4.130726157212975e-09,0.04215858008115855,9.79806755649978e-08
varlen_stress,varlen,3,0,256,output_window,bf16_state,2.4132654720815383e-05,2.1011941340629335e-07,1.2377047841149977e-06,0.04225416800721347,2.9291898112955426e-05
varlen_stress,varlen,3,0,256,output_window,fp32_state,2.757130726505075e-08,2.9569280741935215e-09,4.1437204031482485e-09,0.04225416800721347,9.806654819095831e-08
varlen_stress,varlen,3,256,512,output_window,bf16_state,2.063806460919637e-05,2.032282312284025e-07,1.1560293819284735e-06,0.0421992917027657,2.7394520980851164e-05
varlen_stress,varlen,3,256,512,output_window,fp32_state,3.0283393626096e-08,2.9622503554368827e-09,4.142853760459342e-09,0.0421992917027657,9.817353783186422e-08
varlen_stress,varlen,3,512,768,output_window,bf16_state,3.1167041384505545e-05,2.2108214411330573e-07,1.2574281799157543e-06,0.04262560498609221,2.9499362655991046e-05
varlen_stress,varlen,3,512,768,output_window,fp32_state,2.585040881353251e-08,2.989071239240221e-09,4.197185628035809e-09,0.04262560498609221,9.846630046436307e-08
varlen_stress,varlen,3,768,1024,output_window,bf16_state,2.350455803772772e-05,2.1381747123620298e-07,1.1944952961127696e-06,0.04256371158327455,2.8063701488432875e-05
varlen_stress,varlen,3,768,1024,output_window,fp32_state,2.5608040674085508e-08,2.9741177941986575e-09,4.152954183436481e-09,0.04256371158327455,9.757030176542189e-08
varlen_stress,varlen,3,1024,1280,output_window,bf16_state,2.9115002222024344e-05,2.1915417047952813e-07,1.2451386300735988e-06,0.04234578661601812,2.9404073688941717e-05
varlen_stress,varlen,3,1024,1280,output_window,fp32_state,2.590154957182733e-08,2.960803453208373e-09,4.159631844982092e-09,0.04234578661601812,9.823012340520863e-08
varlen_stress,varlen,3,1280,1536,output_window,bf16_state,2.644364502872587e-05,2.1674637494625937e-07,1.237298430685285e-06,0.042083473454502036,2.94010529340686e-05
varlen_stress,varlen,3,1280,1536,output_window,fp32_state,3.4430725659451156e-08,2.9530429052654112e-09,4.13591103989407e-09,0.042083473454502036,9.827874698521626e-08
varlen_stress,varlen,3,1536,1792,output_window,bf16_state,2.2524964401901548e-05,2.2917347171530757e-07,1.2995810641653465e-06,0.04229185598412132,3.0728872827271526e-05
varlen_stress,varlen,3,1536,1792,output_window,fp32_state,2.7051683892942435e-08,2.9777120944040953e-09,4.1752655020102354e-09,0.04229185598412132,9.872504776280943e-08
varlen_stress,varlen,3,1792,2048,output_window,bf16_state,3.346555665167256e-05,2.109323164935944e-07,1.2147956260381902e-06,0.042553708208148536,2.854735056451722e-05
varlen_stress,varlen,3,1792,2048,output_window,fp32_state,3.2995317339468144e-08,2.986935131039692e-09,4.1829889116303545e-09,0.042553708208148536,9.829904578866669e-08
